CBSA_Code,CBSA,Population,Area,Population Density
10180,"Abilene, TX",165252.00,2743.48,60.23
10420,"Akron, OH",703200.00,900.13,781.22
10500,"Albany, GA",157308.00,1932.56,81.40
10580,"Albany-Schenectady-Troy, NY",870716.00,2811.55,309.69
10740,"Albuquerque, NM",887077.00,9282.50,95.56
10780,"Alexandria, LA",153922.00,1960.99,78.49
10900,"Allentown-Bethlehem-Easton, PA-NJ",821173.00,1453.22,565.07
11020,"Altoona, PA",127089.00,525.80,241.71
11100,"Amarillo, TX",249881.00,3649.24,68.47
11180,"Ames, IA",89542.00,572.82,156.32
11260,"Anchorage, AK",380821.00,26312.58,14.47
11300,"Anderson, IN",131636.00,451.92,291.28
11340,"Anderson, SC",187126.00,715.43,261.56
11460,"Ann Arbor, MI",344791.00,705.97,488.40
11500,"Anniston-Oxford, AL",118572.00,605.87,195.71
11540,"Appleton, WI",225666.00,955.76,236.11
11700,"Asheville, NC",424858.00,2033.00,208.98
12020,"Athens-Clarke County, GA",192541.00,1024.81,187.88
12060,"Atlanta-Sandy Springs-Marietta, GA",5268860.00,8338.54,631.87
12100,"Atlantic City-Hammonton, NJ",274549.00,555.70,494.06
12220,"Auburn-Opelika, AL",140247.00,607.54,230.85
12260,"Augusta-Richmond County, GA-SC",556877.00,3270.28,170.28
12420,"Austin-Round Rock-San Marcos, TX",1716289.00,4219.89,406.71
12540,"Bakersfield-Delano, CA",839631.00,8131.92,103.25
12580,"Baltimore-Towson, MD",2710489.00,2601.48,1041.90
12620,"Bangor, ME",153923.00,3397.36,45.31
12700,"Barnstable Town, MA",215888.00,393.72,548.32
12940,"Baton Rouge, LA",802484.00,4026.92,199.28
12980,"Battle Creek, MI",136146.00,706.23,192.78
13020,"Bay City, MI",107771.00,442.30,243.66
13140,"Beaumont-Port Arthur, TX",388745.00,2100.53,185.07
13380,"Bellingham, WA",201140.00,2106.86,95.47
13460,"Bend, OR",157733.00,3018.19,52.26
13740,"Billings, MT",158050.00,4682.08,33.76
13780,"Binghamton, NY",251725.00,1224.37,205.60
13820,"Birmingham-Hoover, AL",1128047.00,5279.51,213.66
13900,"Bismarck, ND",108779.00,3558.92,30.57
13980,"Blacksburg-Christiansburg-Radford, VA",162958.00,1072.52,151.94
14020,"Bloomington, IN",192714.00,1322.29,145.74
14060,"Bloomington-Normal, IL",169572.00,1183.38,143.29
14260,"Boise City-Nampa, ID",616561.00,11765.59,52.40
14460,"Boston-Cambridge-Quincy, MA-NH",4552402.00,3487.41,1305.38
14500,"Boulder, CO",294567.00,726.29,405.58
14540,"Bowling Green, KY",125953.00,844.48,149.15
14740,"Bremerton-Silverdale, WA",251133.00,394.94,635.87
14860,"Bridgeport-Stamford-Norwalk, CT",916829.00,624.89,1467.19
15180,"Brownsville-Harlingen, TX",406220.00,890.92,455.95
15260,"Brunswick, GA",112370.00,1286.41,87.35
15380,"Buffalo-Niagara Falls, NY",1135509.00,1565.05,725.54
15500,"Burlington, NC",151131.00,423.94,356.49
15540,"Burlington-South Burlington, VT",211261.00,1252.10,168.73
15940,"Canton-Massillon, OH",404422.00,969.88,416.98
15980,"Cape Coral-Fort Myers, FL",618754.00,784.51,788.71
16020,"Cape Girardeau-Jackson, MO-IL",96275.00,1431.95,67.23
16180,"Carson City, NV",55274.00,144.66,382.09
16220,"Casper, WY",75450.00,5340.35,14.13
16300,"Cedar Rapids, IA",257940.00,2008.77,128.41
16580,"Champaign-Urbana, IL",231891.00,1921.08,120.71
16620,"Charleston, WV",304284.00,2527.74,120.38
16700,"Charleston-North Charleston-Summerville, SC",664607.00,2588.18,256.79
16740,"Charlotte-Gastonia-Rock Hill, NC-SC",1758038.00,3085.19,569.83
16820,"Charlottesville, VA",201559.00,1644.04,122.60
16860,"Chattanooga, TN-GA",528143.00,2088.97,252.82
16940,"Cheyenne, WY",91738.00,2685.91,34.16
16980,"Chicago-Joliet-Naperville, IL-IN-WI",9461105.00,7196.81,1314.63
17020,"Chico, CA",220000.00,1636.46,134.44
17140,"Cincinnati-Middletown, OH-KY-IN",2130151.00,4391.88,485.02
17300,"Clarksville, TN-KY",273949.00,2157.44,126.98
17420,"Cleveland, TN",115788.00,763.44,151.67
17460,"Cleveland-Elyria-Mentor, OH",2077240.00,1997.31,1040.02
17660,"Coeur d'Alene, ID",138494.00,1244.12,111.32
17780,"College Station-Bryan, TX",228660.00,2100.15,108.88
17820,"Colorado Springs, CO",645613.00,2683.86,240.55
17860,"Columbia, MO",172786.00,1149.26,150.35
17900,"Columbia, SC",767598.00,3702.75,207.30
17980,"Columbus, GA-AL",294865.00,1936.13,152.30
18020,"Columbus, IN",76794.00,406.91,188.73
18140,"Columbus, OH",1836536.00,3967.20,462.93
18580,"Corpus Christi, TX",428185.00,1784.01,240.01
18700,"Corvallis, OR",85579.00,675.94,126.61
18880,"Crestview-Fort Walton Beach-Destin, FL",180822.00,930.25,194.38
19060,"Cumberland, MD-WV",103299.00,751.99,137.37
19100,"Dallas-Fort Worth-Arlington, TX",6371773.00,8927.50,713.72
19140,"Dalton, GA",142227.00,634.93,224.00
19180,"Danville, IL",81625.00,898.37,90.86
19260,"Danville, VA",106561.00,1011.88,105.31
19340,"Davenport-Moline-Rock Island, IA-IL",379690.00,2269.91,167.27
19380,"Dayton, OH",841502.00,1705.98,493.27
19460,"Decatur, AL",153829.00,1270.01,121.12
19500,"Decatur, IL",110768.00,580.69,190.75
19660,"Deltona-Daytona Beach-Ormond Beach, FL",494593.00,1101.03,449.21
19740,"Denver-Aurora-Broomfield, CO",2543482.00,8346.06,304.75
19780,"Des Moines-West Des Moines, IA",569633.00,2883.70,197.54
19820,"Detroit-Warren-Livonia, MI",4296250.00,3888.40,1104.89
20020,"Dothan, AL",145639.00,1715.98,84.87
20100,"Dover, DE",162310.00,586.18,276.90
20220,"Dubuque, IA",93653.00,608.30,153.96
20260,"Duluth, MN-WI",279771.00,8412.92,33.25
20500,"Durham-Chapel Hill, NC",504357.00,1758.44,286.82
20740,"Eau Claire, WI",161151.00,1646.36,97.88
20940,"El Centro, CA",174528.00,4176.60,41.79
21060,"Elizabethtown, KY",119736.00,884.80,135.33
21140,"Elkhart-Goshen, IN",197559.00,463.17,426.54
21300,"Elmira, NY",88830.00,407.35,218.07
21340,"El Paso, TX",800647.00,1012.69,790.61
21500,"Erie, PA",280566.00,799.15,351.08
21660,"Eugene-Springfield, OR",351715.00,4553.12,77.25
21780,"Evansville, IN-KY",358676.00,2283.96,157.04
21820,"Fairbanks, AK",97581.00,7338.21,13.30
22020,"Fargo, ND-MN",208777.00,2810.30,74.29
22140,"Farmington, NM",130044.00,5513.07,23.59
22180,"Fayetteville, NC",366383.00,1043.06,351.26
22220,"Fayetteville-Springdale-Rogers, AR-MO",463204.00,3163.06,146.44
22380,"Flagstaff, AZ",134421.00,18618.89,7.22
22420,"Flint, MI",425790.00,636.98,668.45
22500,"Florence, SC",205566.00,1361.12,151.03
22520,"Florence-Muscle Shoals, AL",147137.00,1260.32,116.75
22540,"Fond du Lac, WI",101633.00,719.55,141.24
22660,"Fort Collins-Loveland, CO",299630.00,2596.00,115.42
22900,"Fort Smith, AR-OK",298592.00,3996.35,74.72
23060,"Fort Wayne, IN",416257.00,1360.96,305.85
23420,"Fresno, CA",930450.00,5957.99,156.17
23460,"Gadsden, AL",104430.00,534.99,195.20
23540,"Gainesville, FL",264275.00,1224.70,215.79
23580,"Gainesville, GA",179684.00,392.78,457.47
24020,"Glens Falls, NY",128923.00,1698.14,75.92
24140,"Goldsboro, NC",122623.00,553.09,221.71
24220,"Grand Forks, ND-MN",98461.00,3407.50,28.90
24300,"Grand Junction, CO",146723.00,3328.97,44.07
24340,"Grand Rapids-Wyoming, MI",774160.00,2784.55,278.02
24500,"Great Falls, MT",81327.00,2698.16,30.14
24540,"Greeley, CO",252825.00,3987.24,63.41
24580,"Green Bay, WI",306241.00,1870.21,163.75
24660,"Greensboro-High Point, NC",723801.00,1993.77,363.03
24780,"Greenville, NC",189510.00,917.90,206.46
24860,"Greenville-Mauldin-Easley, SC",636986.00,1995.33,319.24
25060,"Gulfport-Biloxi, MS",248820.00,1493.23,166.63
25180,"Hagerstown-Martinsburg, MD-WV",269140.00,1007.99,267.01
25260,"Hanford-Corcoran, CA",152982.00,1389.42,110.10
25420,"Harrisburg-Carlisle, PA",549475.00,1621.95,338.77
25500,"Harrisonburg, VA",125228.00,866.50,144.52
25540,"Hartford-West Hartford-East Hartford, CT",1212381.00,1514.61,800.46
25620,"Hattiesburg, MS",142842.00,1610.62,88.69
25860,"Hickory-Lenoir-Morganton, NC",365497.00,1637.38,223.22
25980,"Hinesville-Fort Stewart, GA",77917.00,890.09,87.54
26100,"Holland-Grand Haven, MI",263801.00,563.47,468.17
26180,"Honolulu, HI",953207.00,600.74,1586.71
26300,"Hot Springs, AR",96024.00,677.78,141.67
26380,"Houma-Bayou Cane-Thibodaux, LA",208178.00,2300.03,90.51
26420,"Houston-Sugar Land-Baytown, TX",5946800.00,8827.49,673.67
26580,"Huntington-Ashland, WV-KY-OH",287702.00,1744.63,164.91
26620,"Huntsville, AL",417593.00,1361.53,306.71
26820,"Idaho Falls, ID",130374.00,2959.58,44.05
26900,"Indianapolis-Carmel, IN",1756241.00,3854.46,455.64
26980,"Iowa City, IA",152586.00,1182.87,129.00
27060,"Ithaca, NY",101564.00,474.65,213.98
27100,"Jackson, MI",160248.00,701.67,228.38
27140,"Jackson, MS",539057.00,3726.14,144.67
27180,"Jackson, TN",115425.00,842.85,136.95
27260,"Jacksonville, FL",1345596.00,3201.08,420.36
27340,"Jacksonville, NC",177772.00,762.74,233.07
27500,"Janesville, WI",160331.00,718.14,223.26
27620,"Jefferson City, MO",149807.00,2247.70,66.65
27740,"Johnson City, TN",198716.00,853.83,232.73
27780,"Johnstown, PA",143679.00,688.35,208.73
27860,"Jonesboro, AR",121026.00,1465.60,82.58
27900,"Joplin, MO",175518.00,1263.25,138.94
28020,"Kalamazoo-Portage, MI",326589.00,1169.13,279.34
28100,"Kankakee-Bradley, IL",113449.00,676.56,167.69
28140,"Kansas City, MO-KS",2035334.00,7827.34,260.03
28420,"Kennewick-Pasco-Richland, WA",253340.00,2942.55,86.10
28660,"Killeen-Temple-Fort Hood, TX",405300.00,2815.92,143.93
28700,"Kingsport-Bristol-Bristol, TN-VA",309544.00,2009.86,154.01
28740,"Kingston, NY",182493.00,1124.24,162.33
28940,"Knoxville, TN",698030.00,1856.85,375.92
29020,"Kokomo, IN",98688.00,553.60,178.27
29100,"La Crosse, WI-MN",133665.00,1003.74,133.17
29140,"Lafayette, IN",201789.00,1278.45,157.84
29180,"Lafayette, LA",273738.00,1006.37,272.01
29340,"Lake Charles, LA",199607.00,2348.55,84.99
29420,"Lake Havasu City-Kingman, AZ",200186.00,13311.08,15.04
29460,"Lakeland-Winter Haven, FL",602095.00,1797.84,334.90
29540,"Lancaster, PA",519445.00,943.81,550.37
29620,"Lansing-East Lansing, MI",464036.00,1697.70,273.33
29700,"Laredo, TX",250304.00,3361.48,74.46
29740,"Las Cruces, NM",209233.00,3807.51,54.95
29820,"Las Vegas-Paradise, NV",1951269.00,7891.43,247.26
29940,"Lawrence, KS",110826.00,455.87,243.11
30020,"Lawton, OK",124098.00,1069.29,116.06
30140,"Lebanon, PA",133568.00,361.83,369.14
30300,"Lewiston, ID-WA",60888.00,1484.30,41.02
30340,"Lewiston-Auburn, ME",107702.00,467.93,230.17
30460,"Lexington-Fayette, KY",472099.00,1468.50,321.48
30620,"Lima, OH",106331.00,402.50,264.18
30700,"Lincoln, NE",302157.00,1408.98,214.45
30780,"Little Rock-North Little Rock-Conway, AR",699757.00,4085.19,171.29
30860,"Logan, UT-ID",125442.00,1828.46,68.61
30980,"Longview, TX",214369.00,1780.28,120.41
31020,"Longview, WA",102410.00,1140.13,89.82
31100,"Los Angeles-Long Beach-Santa Ana, CA",12828837.00,4848.45,2645.97
31140,"Louisville/Jefferson County, KY-IN",1283566.00,4110.86,312.24
31180,"Lubbock, TX",284890.00,1795.80,158.64
31340,"Lynchburg, VA",252634.00,2120.32,119.15
31420,"Macon, GA",232293.00,1722.64,134.85
31460,"Madera-Chowchilla, CA",150865.00,2137.07,70.59
31540,"Madison, WI",568593.00,2725.35,208.63
31700,"Manchester-Nashua, NH",400721.00,876.14,457.37
31740,"Manhattan, KS",127081.00,1835.41,69.24
31860,"Mankato-North Mankato, MN",96740.00,1196.34,80.86
31900,"Mansfield, OH",124475.00,495.27,251.33
32580,"McAllen-Edinburg-Mission, TX",774769.00,1570.87,493.21
32780,"Medford, OR",203206.00,2783.55,73.00
32820,"Memphis, TN-MS-AR",1316100.00,4577.85,287.49
32900,"Merced, CA",255793.00,1934.97,132.19
33100,"Miami-Fort Lauderdale-Pompano Beach, FL",5564635.00,5077.26,1095.99
33140,"Michigan City-La Porte, IN",111467.00,598.30,186.31
33260,"Midland, TX",136872.00,900.30,152.03
33340,"Milwaukee-Waukesha-West Allis, WI",1555908.00,1454.76,1069.53
33460,"Minneapolis-St. Paul-Bloomington, MN-WI",3279833.00,6027.17,544.17
33540,"Missoula, MT",109299.00,2593.42,42.14
33660,"Mobile, AL",412992.00,1229.44,335.92
33700,"Modesto, CA",514453.00,1494.83,344.16
33740,"Monroe, LA",176441.00,1487.39,118.62
33780,"Monroe, MI",152021.00,549.39,276.71
33860,"Montgomery, AL",374536.00,2713.08,138.05
34060,"Morgantown, WV",129709.00,1008.87,128.57
34100,"Morristown, TN",136608.00,715.86,190.83
34580,"Mount Vernon-Anacortes, WA",116901.00,1731.20,67.53
34620,"Muncie, IN",117671.00,392.12,300.09
34740,"Muskegon-Norton Shores, MI",172188.00,499.25,344.90
34820,"Myrtle Beach-North Myrtle Beach-Conway, SC",269291.00,1133.90,237.49
34900,"Napa, CA",136484.00,748.36,182.38
34940,"Naples-Marco Island, FL",321520.00,1998.32,160.89
34980,"Nashville-Davidson--Murfreesboro--Franklin, TN",1589934.00,5688.65,279.49
35300,"New Haven-Milford, CT",862477.00,604.51,1426.75
35380,"New Orleans-Metairie-Kenner, LA",1167764.00,2960.19,394.49
35620,"New York-Northern New Jersey-Long Island, NY-NJ-PA",18897109.00,6686.90,2825.99
35660,"Niles-Benton Harbor, MI",156813.00,567.75,276.20
35840,"North Port-Bradenton-Sarasota, FL",702281.00,1298.80,540.72
35980,"Norwich-New London, CT",274055.00,664.88,412.19
36100,"Ocala, FL",331298.00,1584.55,209.08
36140,"Ocean City, NJ",97265.00,251.42,386.86
36220,"Odessa, TX",137130.00,897.69,152.76
36260,"Ogden-Clearfield, UT",547184.00,1484.06,368.71
36420,"Oklahoma City, OK",1252987.00,5511.56,227.34
36500,"Olympia, WA",252264.00,721.96,349.41
36540,"Omaha-Council Bluffs, NE-IA",865350.00,4349.65,198.95
36740,"Orlando-Kissimmee-Sanford, FL",2134411.00,3478.48,613.60
36780,"Oshkosh-Neenah, WI",166994.00,434.49,384.35
36980,"Owensboro, KY",114752.00,898.47,127.72
37100,"Oxnard-Thousand Oaks-Ventura, CA",823318.00,1843.13,446.69
37340,"Palm Bay-Melbourne-Titusville, FL",543376.00,1015.66,535.00
37380,"Palm Coast, FL",95696.00,485.46,197.12
37460,"Panama City-Lynn Haven-Panama City Beach, FL",168852.00,758.46,222.62
37620,"Parkersburg-Marietta-Vienna, WV-OH",162056.00,1360.84,119.08
37700,"Pascagoula, MS",162246.00,1201.46,135.04
37860,"Pensacola-Ferry Pass-Brent, FL",448991.00,1668.07,269.17
37900,"Peoria, IL",379186.00,2470.85,153.46
37980,"Philadelphia-Camden-Wilmington, PA-NJ-DE-MD",5965343.00,4602.10,1296.22
38060,"Phoenix-Mesa-Glendale, AZ",4192887.00,14565.75,287.86
38220,"Pine Bluff, AR",100258.00,2030.05,49.39
38300,"Pittsburgh, PA",2356285.00,5281.48,446.14
38340,"Pittsfield, MA",131219.00,926.82,141.58
38540,"Pocatello, ID",90656.00,2516.23,36.03
38860,"Portland-South Portland-Biddeford, ME",514098.00,2079.65,247.20
38900,"Portland-Vancouver-Hillsboro, OR-WA",2226009.00,6683.75,333.05
38940,"Port St. Lucie, FL",424107.00,1115.39,380.23
39100,"Poughkeepsie-Newburgh-Middletown, NY",670301.00,1607.32,417.03
39140,"Prescott, AZ",211033.00,8123.50,25.98
39300,"Providence-New Bedford-Fall River, RI-MA",1600852.00,1586.91,1008.79
39340,"Provo-Orem, UT",526810.00,5395.73,97.63
39380,"Pueblo, CO",159063.00,2386.10,66.66
39460,"Punta Gorda, FL",159978.00,680.28,235.17
39540,"Racine, WI",195408.00,332.50,587.69
39580,"Raleigh-Cary, NC",1130490.00,2118.20,533.70
39660,"Rapid City, SD",126382.00,6247.54,20.23
39740,"Reading, PA",411442.00,856.51,480.37
39820,"Redding, CA",177223.00,3775.40,46.94
39900,"Reno-Sparks, NV",425417.00,6565.29,64.80
40060,"Richmond, VA",1258251.00,5684.96,221.33
40140,"Riverside-San Bernardino-Ontario, CA",4224851.00,27263.42,154.96
40220,"Roanoke, VA",308707.00,1868.68,165.20
40340,"Rochester, MN",186011.00,1615.61,115.13
40380,"Rochester, NY",1054323.00,2928.12,360.07
40420,"Rockford, IL",349431.00,794.08,440.04
40580,"Rocky Mount, NC",152392.00,1045.74,145.73
40660,"Rome, GA",96317.00,509.91,188.89
40900,"Sacramento--Arden-Arcade--Roseville, CA",2149127.00,5094.22,421.88
40980,"Saginaw-Saginaw Township North, MI",200169.00,800.11,250.18
41060,"St. Cloud, MN",189093.00,1751.43,107.96
41100,"St. George, UT",138115.00,2426.36,56.92
41140,"St. Joseph, MO-KS",127329.00,1655.49,76.91
41180,"St. Louis, MO-IL",2812896.00,8623.24,326.20
41420,"Salem, OR",390738.00,1923.11,203.18
41500,"Salinas, CA",415057.00,3280.60,126.52
41540,"Salisbury, MD",125203.00,694.17,180.36
41620,"Salt Lake City, UT",1124197.00,9555.35,117.65
41660,"San Angelo, TX",111823.00,2573.53,43.45
41700,"San Antonio-New Braunfels, TX",2142508.00,7312.64,292.99
41740,"San Diego-Carlsbad-San Marcos, CA",3095313.00,4206.63,735.82
41780,"Sandusky, OH",77079.00,251.56,306.41
41860,"San Francisco-Oakland-Fremont, CA",4335391.00,2470.54,1754.83
41940,"San Jose-Sunnyvale-Santa Clara, CA",1836911.00,2678.81,685.72
42020,"San Luis Obispo-Paso Robles, CA",269637.00,3298.57,81.74
42060,"Santa Barbara-Santa Maria-Goleta, CA",423895.00,2735.09,154.98
42100,"Santa Cruz-Watsonville, CA",262382.00,445.17,589.40
42140,"Santa Fe, NM",144170.00,1909.41,75.50
42220,"Santa Rosa-Petaluma, CA",483878.00,1575.85,307.06
42340,"Savannah, GA",347611.00,1340.10,259.39
42540,"Scranton--Wilkes-Barre, PA",563631.00,1746.73,322.68
42660,"Seattle-Tacoma-Bellevue, WA",3439809.00,5872.35,585.76
42680,"Sebastian-Vero Beach, FL",138028.00,502.87,274.48
43100,"Sheboygan, WI",115507.00,511.27,225.92
43300,"Sherman-Denison, TX",120877.00,932.80,129.58
43340,"Shreveport-Bossier City, LA",398604.00,2594.18,153.65
43580,"Sioux City, IA-NE-SD",143577.00,2073.86,69.23
43620,"Sioux Falls, SD",228261.00,2575.69,88.62
43780,"South Bend-Mishawaka, IN-MI",319224.00,947.91,336.77
43900,"Spartanburg, SC",284307.00,807.93,351.90
44060,"Spokane, WA",471221.00,1763.79,267.16
44100,"Springfield, IL",210170.00,1182.74,177.70
44140,"Springfield, MA",692942.00,1843.72,375.84
44180,"Springfield, MO",436712.00,3006.80,145.24
44220,"Springfield, OH",138333.00,397.47,348.03
44300,"State College, PA",153990.00,1109.92,138.74
44600,"Steubenville-Weirton, OH-WV",124454.00,580.14,214.52
44700,"Stockton, CA",685306.00,1391.32,492.56
44940,"Sumter, SC",107456.00,665.07,161.57
45060,"Syracuse, NY",662577.00,2384.88,277.82
45220,"Tallahassee, FL",367413.00,2387.70,153.88
45300,"Tampa-St. Petersburg-Clearwater, FL",2783243.00,2513.44,1107.35
45460,"Terre Haute, IN",172425.00,1464.87,117.71
45500,"Texarkana, TX-Texarkana, AR",136027.00,1510.58,90.05
45780,"Toledo, OH",651429.00,1618.42,402.51
45820,"Topeka, KS",233870.00,3232.63,72.35
45940,"Trenton-Ewing, NJ",366513.00,224.56,1632.16
46060,"Tucson, AZ",980263.00,9187.04,106.70
46140,"Tulsa, OK",937478.00,6269.24,149.54
46220,"Tuscaloosa, AL",219461.00,2612.81,83.99
46340,"Tyler, TX",209714.00,921.45,227.59
46540,"Utica-Rome, NY",299397.00,2623.90,114.10
46660,"Valdosta, GA",139588.00,1589.27,87.83
46700,"Vallejo-Fairfield, CA",413344.00,821.76,503.00
47020,"Victoria, TX",115384.00,2241.00,51.49
47220,"Vineland-Millville-Bridgeton, NJ",156898.00,483.70,324.37
47260,"Virginia Beach-Norfolk-Newport News, VA-NC",1671683.00,2629.59,635.72
47300,"Visalia-Porterville, CA",442179.00,4824.21,91.66
47380,"Waco, TX",234906.00,1037.10,226.50
47580,"Warner Robins, GA",139900.00,375.54,372.53
47900,"Washington-Arlington-Alexandria, DC-VA-MD-WV",5582170.00,5598.32,997.12
47940,"Waterloo-Cedar Falls, IA",167819.00,1503.10,111.65
48140,"Wausau, WI",134063.00,1544.98,86.77
48300,"Wenatchee-East Wenatchee, WA",110884.00,4739.79,23.39
48540,"Wheeling, WV-OH",147950.00,943.38,156.83
48620,"Wichita, KS",623061.00,4149.07,150.17
48660,"Wichita Falls, TX",151306.00,2619.61,57.76
48700,"Williamsport, PA",116111.00,1228.59,94.51
48900,"Wilmington, NC",362315.00,1908.30,189.86
49020,"Winchester, VA-WV",128472.00,1062.98,120.86
49180,"Winston-Salem, NC",477717.00,1455.94,328.12
49340,"Worcester, MA",798552.00,1510.77,528.57
49420,"Yakima, WA",243231.00,4295.40,56.63
49620,"York-Hanover, PA",434972.00,904.18,481.07
49660,"Youngstown-Warren-Boardman, OH-PA",565773.00,1702.49,332.32
49700,"Yuba City, CA",166892.00,1234.25,135.22
49740,"Yuma, AZ",195751.00,5513.99,35.50
10020,"Abbeville, LA",57999.00,1173.20,49.44
10100,"Aberdeen, SD",40602.00,2838.94,14.30
10140,"Aberdeen, WA",72797.00,1902.03,38.27
10220,"Ada, OK",37492.00,720.44,52.04
10300,"Adrian, MI",99892.00,749.55,133.27
10460,"Alamogordo, NM",63797.00,6613.21,9.65
10540,"Albany-Lebanon, OR",116672.00,2290.13,50.95
10620,"Albemarle, NC",60585.00,395.09,153.35
10660,"Albert Lea, MN",31255.00,707.09,44.20
10700,"Albertville, AL",93019.00,565.84,164.39
10760,"Alexander City, AL",53155.00,1367.45,38.87
10820,"Alexandria, MN",36009.00,637.30,56.50
10860,"Alice, TX",40838.00,864.97,47.21
10880,"Allegan, MI",111408.00,825.23,135.00
10940,"Alma, MI",42476.00,568.46,74.72
10980,"Alpena, MI",29598.00,571.86,51.76
11060,"Altus, OK",26446.00,802.65,32.95
11140,"Americus, GA",37829.00,649.60,58.23
11220,"Amsterdam, NY",50219.00,403.04,124.60
11380,"Andrews, TX",14786.00,1500.71,9.85
11420,"Angola, IN",34185.00,308.94,110.65
11580,"Arcadia, FL",34862.00,637.06,54.72
11620,"Ardmore, OK",56980.00,1336.17,42.64
11660,"Arkadelphia, AR",22995.00,866.07,26.55
11740,"Ashland, OH",53139.00,422.95,125.64
11780,"Ashtabula, OH",101497.00,701.93,144.60
11820,"Astoria, OR",37039.00,829.05,44.68
11860,"Atchison, KS",16924.00,431.17,39.25
11900,"Athens, OH",64757.00,503.60,128.59
11940,"Athens, TN",52266.00,430.12,121.51
11980,"Athens, TX",78532.00,873.75,89.88
12140,"Auburn, IN",42223.00,362.82,116.37
12180,"Auburn, NY",80026.00,691.58,115.71
12300,"Augusta-Waterville, ME",122151.00,867.52,140.80
12380,"Austin, MN",39163.00,711.33,55.06
12460,"Bainbridge, GA",27842.00,597.14,46.63
12660,"Baraboo, WI",61976.00,830.90,74.59
12740,"Barre, VT",59534.00,687.23,86.63
12780,"Bartlesville, OK",50976.00,415.45,122.70
12820,"Bastrop, LA",27979.00,794.93,35.20
12860,"Batavia, NY",60079.00,492.94,121.88
12900,"Batesville, AR",36647.00,763.95,47.97
13060,"Bay City, TX",36702.00,1100.28,33.36
13100,"Beatrice, NE",22311.00,851.49,26.20
13180,"Beaver Dam, WI",88759.00,875.62,101.37
13220,"Beckley, WV",78859.00,605.35,130.27
13260,"Bedford, IN",46134.00,449.17,102.71
13300,"Beeville, TX",31861.00,880.24,36.20
13340,"Bellefontaine, OH",45858.00,458.43,100.03
13420,"Bemidji, MN",44442.00,2504.94,17.74
13500,"Bennettsville, SC",28933.00,479.67,60.32
13540,"Bennington, VT",37125.00,674.98,55.00
13620,"Berlin, NH-VT",39361.00,2458.28,16.01
13660,"Big Rapids, MI",42798.00,555.07,77.10
13700,"Big Spring, TX",35012.00,900.79,38.87
13860,"Bishop, CA",18546.00,10180.88,1.82
13940,"Blackfoot, ID",45607.00,2093.98,21.78
14100,"Bloomsburg-Berwick, PA",85562.00,613.35,139.50
14140,"Bluefield, WV-VA",107342.00,937.84,114.46
14180,"Blytheville, AR",46480.00,900.57,51.61
14220,"Bogalusa, LA",47168.00,669.52,70.45
14300,"Bonham, TX",33915.00,890.84,38.07
14340,"Boone, IA",26306.00,571.57,46.02
14380,"Boone, NC",51079.00,312.56,163.42
14420,"Borger, TX",22150.00,887.42,24.96
14580,"Bozeman, MT",89513.00,2602.69,34.39
14620,"Bradford, PA",43450.00,979.20,44.37
14660,"Brainerd, MN",91067.00,3020.64,30.15
14700,"Branson, MO",83877.00,1096.47,76.50
14780,"Brenham, TX",33718.00,603.95,55.83
14820,"Brevard, NC",33090.00,378.53,87.42
14940,"Brigham City, UT",49975.00,5745.55,8.70
15020,"Brookhaven, MS",34869.00,586.11,59.49
15060,"Brookings, OR",22364.00,1627.46,13.74
15100,"Brookings, SD",31965.00,792.21,40.35
15140,"Brownsville, TN",18787.00,533.11,35.24
15220,"Brownwood, TX",38106.00,944.43,40.35
15340,"Bucyrus, OH",43784.00,401.79,108.97
15420,"Burley, ID",43021.00,3322.67,12.95
15460,"Burlington, IA-IL",47656.00,795.00,59.94
15580,"Butte-Silver Bow, MT",34200.00,718.48,47.60
15620,"Cadillac, MI",47584.00,1129.73,42.12
15660,"Calhoun, GA",55186.00,355.81,155.10
15700,"Cambridge, MD",32618.00,540.77,60.32
15740,"Cambridge, OH",40087.00,522.25,76.76
15780,"Camden, AR",31488.00,1361.36,23.13
15820,"Campbellsville, KY",24512.00,266.33,92.04
15860,"Ca§on City, CO",46824.00,1533.07,30.54
15900,"Canton, IL",37069.00,865.59,42.82
16060,"Carbondale, IL",60218.00,584.08,103.10
16100,"Carlsbad-Artesia, NM",53829.00,4175.73,12.89
16260,"Cedar City, UT",46163.00,3296.68,14.00
16340,"Cedartown, GA",41475.00,310.33,133.65
16380,"Celina, OH",40814.00,462.45,88.26
16420,"Central City, KY",31499.00,467.08,67.44
16460,"Centralia, IL",39437.00,572.36,68.90
16500,"Centralia, WA",75455.00,2402.80,31.40
16540,"Chambersburg, PA",149618.00,772.22,193.75
16660,"Charleston-Mattoon, IL",64921.00,854.31,75.99
16900,"Chester, SC",33140.00,580.66,57.07
17060,"Chillicothe, OH",78064.00,689.19,113.27
17200,"Claremont, NH",43742.00,537.31,81.41
17220,"Clarksburg, WV",94196.00,908.50,103.68
17260,"Clarksdale, MS",26151.00,552.44,47.34
17340,"Clearlake, CA",64665.00,1256.46,51.47
17380,"Cleveland, MS",34145.00,876.57,38.95
17500,"Clewiston, FL",39140.00,1152.75,33.95
17540,"Clinton, IA",49116.00,694.91,70.68
17580,"Clovis, NM",48376.00,1404.80,34.44
17700,"Coffeyville, KS",35471.00,643.53,55.12
17740,"Coldwater, MI",45248.00,506.37,89.36
17940,"Columbia, TN",80956.00,613.14,132.04
18060,"Columbus, MS",59779.00,505.51,118.26
18100,"Columbus, NE",32237.00,674.06,47.83
18180,"Concord, NH",146445.00,934.12,156.77
18220,"Connersville, IN",24277.00,215.01,112.91
18260,"Cookeville, TN",106042.00,1142.91,92.78
18300,"Coos Bay, OR",63043.00,1596.17,39.50
18340,"Corbin, KY",35637.00,437.83,81.39
18380,"Cordele, GA",23439.00,272.58,85.99
18420,"Corinth, MS",37057.00,400.04,92.63
18460,"Cornelia, GA",43041.00,276.74,155.53
18500,"Corning, NY",98990.00,1390.56,71.19
18620,"Corsicana, TX",47735.00,1009.63,47.28
18660,"Cortland, NY",49336.00,498.76,98.92
18740,"Coshocton, OH",36901.00,563.91,65.44
18820,"Crawfordsville, IN",38124.00,504.61,75.55
18860,"Crescent City, CA",28610.00,1006.37,28.43
18900,"Crossville, TN",56053.00,681.03,82.31
18940,"Crowley, LA",61773.00,655.12,94.29
18980,"Cullman, AL",80406.00,734.84,109.42
19020,"Culpeper, VA",46689.00,379.23,123.11
19220,"Danville, KY",53174.00,514.26,103.40
19300,"Daphne-Fairhope-Foley, AL",182265.00,1589.78,114.65
19540,"Decatur, IN",34387.00,339.03,101.43
19580,"Defiance, OH",39037.00,411.46,94.87
19620,"Del Rio, TX",48879.00,3144.75,15.54
19700,"Deming, NM",25095.00,2965.19,8.46
19760,"DeRidder, LA",35654.00,1157.34,30.81
19860,"Dickinson, ND",24982.00,2483.59,10.06
19900,"Dillon, SC",32062.00,404.87,79.19
19940,"Dixon, IL",36031.00,724.90,49.71
19980,"Dodge City, KS",33848.00,1098.27,30.82
20060,"Douglas, GA",50731.00,914.48,55.48
20140,"Dublin, GA",58414.00,1110.31,52.61
20180,"DuBois, PA",81642.00,1144.72,71.32
20300,"Dumas, TX",21904.00,899.69,24.35
20340,"Duncan, OK",45048.00,870.24,51.76
20380,"Dunn, NC",114678.00,594.99,192.74
20420,"Durango, CO",51334.00,1692.08,30.34
20460,"Durant, OK",42416.00,904.47,46.90
20540,"Dyersburg, TN",38335.00,512.33,74.83
20580,"Eagle Pass, TX",54258.00,1279.26,42.41
20620,"East Liverpool-Salem, OH",107841.00,531.89,202.75
20660,"Easton, MD",37782.00,268.54,140.69
20700,"East Stroudsburg, PA",169842.00,608.29,279.21
20780,"Edwards, CO",59507.00,2061.44,28.87
20820,"Effingham, IL",34242.00,478.78,71.52
20900,"El Campo, TX",41280.00,1086.15,38.01
20980,"El Dorado, AR",41639.00,1039.21,40.07
21020,"Elizabeth City, NC",64094.00,714.53,89.70
21120,"Elk City, OK",22119.00,901.81,24.53
21220,"Elko, NV",50805.00,21345.52,2.38
21260,"Ellensburg, WA",40915.00,2297.27,17.81
21380,"Emporia, KS",36480.00,1620.53,22.51
21420,"Enid, OK",60580.00,1058.47,57.23
21460,"Enterprise-Ozark, AL",100199.00,1240.12,80.80
21540,"Escanaba, MI",37069.00,1171.10,31.65
21580,"Espanola, NM",40246.00,5860.84,6.87
21640,"Eufaula, AL-GA",29970.00,1036.11,28.93
21700,"Eureka-Arcata-Fortuna, CA",134623.00,3567.99,37.73
21740,"Evanston, WY",21118.00,2081.26,10.15
21860,"Fairmont, MN",20840.00,712.35,29.26
21900,"Fairmont, WV",56418.00,308.74,182.74
21980,"Fallon, NV",24877.00,4930.46,5.05
22060,"Faribault-Northfield, MN",64142.00,495.68,129.40
22100,"Farmington, MO",65359.00,451.89,144.64
22260,"Fergus Falls, MN",57303.00,1972.07,29.06
22280,"Fernley, NV",51980.00,2001.19,25.97
22300,"Findlay, OH",74782.00,531.36,140.74
22340,"Fitzgerald, GA",27172.00,604.46,44.95
22580,"Forest City, NC",67810.00,564.15,120.20
22620,"Forrest City, AR",28258.00,634.77,44.52
22700,"Fort Dodge, IA",38013.00,715.62,53.12
22780,"Fort Leonard Wood, MO",52274.00,547.10,95.55
22800,"Fort Madison-Keokuk, IA-MO",43001.00,1022.21,42.07
22820,"Fort Morgan, CO",28159.00,1280.43,21.99
22840,"Fort Payne, AL",71109.00,777.09,91.51
22860,"Fort Polk South, LA",52334.00,1327.91,39.41
22980,"Fort Valley, GA",27695.00,150.27,184.30
23140,"Frankfort, IN",33224.00,405.07,82.02
23180,"Frankfort, KY",70706.00,409.58,172.63
23240,"Fredericksburg, TX",24837.00,1058.21,23.47
23300,"Freeport, IL",47711.00,564.52,84.52
23340,"Fremont, NE",36691.00,528.71,69.40
23380,"Fremont, OH",60944.00,408.45,149.21
23500,"Gaffney, SC",55342.00,392.66,140.94
23620,"Gainesville, TX",38437.00,874.76,43.94
23660,"Galesburg, IL",70626.00,1258.80,56.11
23700,"Gallup, NM",71492.00,5449.81,13.12
23780,"Garden City, KS",36776.00,1301.97,28.25
23820,"Gardnerville Ranchos, NV",46997.00,709.72,66.22
23860,"Georgetown, SC",60158.00,813.55,73.95
23900,"Gettysburg, PA",101407.00,518.67,195.51
23940,"Gillette, WY",46133.00,4802.71,9.61
23980,"Glasgow, KY",52272.00,777.19,67.26
24100,"Gloversville, NY",55531.00,495.47,112.08
24180,"Granbury, TX",59672.00,607.10,98.29
24260,"Grand Island, NE",72726.00,1600.51,45.44
24380,"Grants, NM",27213.00,4539.48,5.99
24420,"Grants Pass, OR",82713.00,1639.67,50.44
24460,"Great Bend, KS",27674.00,895.40,30.91
24620,"Greeneville, TN",68831.00,622.16,110.63
24700,"Greensburg, IN",25740.00,372.57,69.09
24740,"Greenville, MS",51137.00,724.74,70.56
24820,"Greenville, OH",52959.00,598.10,88.55
24900,"Greenwood, MS",42914.00,1220.78,35.15
24940,"Greenwood, SC",69661.00,454.73,153.19
24980,"Grenada, MS",21906.00,422.11,51.90
25100,"Guymon, OK",20640.00,2041.26,10.11
25220,"Hammond, LA",121097.00,791.27,153.04
25300,"Hannibal, MO",38948.00,906.70,42.96
25340,"Harriman, TN",54181.00,360.71,150.21
25380,"Harrisburg, IL",24913.00,379.82,65.59
25460,"Harrison, AR",45233.00,1411.13,32.05
25580,"Hastings, NE",37906.00,1135.56,33.38
25660,"Havre, MT",16096.00,2898.95,5.55
25700,"Hays, KS",28452.00,899.91,31.62
25720,"Heber, UT",23530.00,1175.50,20.02
25740,"Helena, MT",74801.00,5115.09,14.62
25760,"Helena-West Helena, AR",21757.00,695.66,31.28
25780,"Henderson, NC",45422.00,253.52,179.17
25820,"Hereford, TX",19372.00,1496.87,12.94
25900,"Hilo, HI",185079.00,4028.42,45.94
25940,"Hilton Head Island-Beaufort, SC",187010.00,1231.60,151.84
26020,"Hobbs, NM",64727.00,4390.93,14.74
26140,"Homosassa Springs, FL",141236.00,581.70,242.80
26220,"Hood River, OR",22346.00,521.95,42.81
26260,"Hope, AR",31606.00,1345.36,23.49
26340,"Houghton, MI",38784.00,1549.21,25.03
26460,"Hudson, NY",63096.00,634.71,99.41
26480,"Humboldt, TN",49683.00,602.74,82.43
26500,"Huntingdon, PA",45913.00,874.64,52.49
26540,"Huntington, IN",37124.00,382.65,97.02
26660,"Huntsville, TX",67861.00,784.17,86.54
26700,"Huron, SD",17398.00,1258.71,13.82
26740,"Hutchinson, KS",64511.00,1255.35,51.39
26780,"Hutchinson, MN",36651.00,491.47,74.57
26860,"Indiana, PA",88880.00,827.03,107.47
26940,"Indianola, MS",29450.00,697.75,42.21
27020,"Iron Mountain, MI-WI",30591.00,1249.60,24.48
27220,"Jackson, WY-ID",31464.00,4444.83,7.08
27300,"Jacksonville, IL",40902.00,819.70,49.90
27380,"Jacksonville, TX",50845.00,1052.91,48.29
27420,"Jamestown, ND",21100.00,2221.72,9.50
27460,"Jamestown-Dunkirk-Fredonia, NY",134905.00,1060.23,127.24
27540,"Jasper, IN",54734.00,761.51,71.88
27660,"Jennings, LA",31594.00,651.33,48.51
27700,"Jesup, GA",30099.00,641.78,46.90
27940,"Juneau, AK",31275.00,2701.93,11.58
27980,"Kahului-Wailuku, HI",154834.00,1161.52,133.30
28060,"Kalispell, MT",90928.00,5087.66,17.87
28180,"Kapaa, HI",67091.00,619.96,108.22
28260,"Kearney, NE",52591.00,1484.36,35.43
28300,"Keene, NH",77117.00,706.66,109.13
28340,"Kendallville, IN",47536.00,410.84,115.70
28380,"Kennett, MO",31953.00,541.07,59.06
28500,"Kerrville, TX",49625.00,1103.32,44.98
28540,"Ketchikan, AK",13477.00,4858.41,2.77
28580,"Key West, FL",73090.00,983.28,74.33
28620,"Kill Devil Hills, NC",33920.00,383.42,88.47
28780,"Kingsville, TX",32477.00,2339.64,13.88
28820,"Kinston, NC",59495.00,400.59,148.52
28860,"Kirksville, MO",30038.00,874.63,34.34
28900,"Klamath Falls, OR",66380.00,5941.05,11.17
28980,"Kodiak, AK",13592.00,6549.58,2.08
29060,"Laconia, NH",60088.00,400.23,150.13
29220,"La Follette, TN",40716.00,480.19,84.79
29260,"La Grande, OR",25748.00,2036.61,12.64
29300,"LaGrange, GA",67044.00,413.99,161.95
29380,"Lake City, FL",67531.00,797.57,84.67
29500,"Lamesa, TX",13833.00,900.31,15.36
29580,"Lancaster, SC",76652.00,549.16,139.58
29660,"Laramie, WY",36299.00,4273.84,8.49
29780,"Las Vegas, NM",29393.00,4715.82,6.23
29860,"Laurel, MS",84823.00,1371.04,61.87
29900,"Laurinburg, NC",36157.00,318.84,113.40
29980,"Lawrenceburg, TN",41869.00,617.13,67.84
30060,"Lebanon, MO",35571.00,764.72,46.52
30100,"Lebanon, NH-VT",174724.00,3365.12,51.92
30220,"Levelland, TX",22935.00,908.39,25.25
30260,"Lewisburg, PA",44947.00,315.98,142.25
30280,"Lewisburg, TN",30617.00,375.46,81.55
30380,"Lewistown, PA",46682.00,411.03,113.57
30420,"Lexington, NE",26370.00,1471.25,17.92
30500,"Lexington Park, MD",105151.00,357.18,294.39
30580,"Liberal, KS",22952.00,639.50,35.89
30660,"Lincoln, IL",30305.00,618.06,49.03
30740,"Lincolnton, NC",78265.00,297.94,262.69
30820,"Lock Haven, PA",39238.00,887.98,44.19
30900,"Logansport, IN",38966.00,412.15,94.54
30940,"London, KY",58849.00,433.95,135.61
31060,"Los Alamos, NM",17950.00,109.17,164.43
31260,"Lufkin, TX",86771.00,797.78,108.77
31300,"Lumberton, NC",134168.00,949.22,141.35
31380,"Macomb, IL",32612.00,589.41,55.33
31500,"Madison, IN",32428.00,360.63,89.92
31580,"Madisonville, KY",46920.00,542.00,86.57
31620,"Magnolia, AR",24552.00,766.05,32.05
31660,"Malone, NY",51599.00,1629.12,31.67
31820,"Manitowoc, WI",81442.00,589.08,138.25
31920,"Marble Falls, TX",42750.00,994.26,43.00
31940,"Marinette, WI-MI",65778.00,2443.43,26.92
31980,"Marion, IN",70061.00,414.07,169.20
32020,"Marion, OH",66501.00,403.76,164.71
32060,"Marion-Herrin, IL",66357.00,420.15,157.94
32100,"Marquette, MI",67077.00,1808.40,37.09
32140,"Marshall, MN",25857.00,714.56,36.19
32180,"Marshall, MO",23370.00,755.50,30.93
32220,"Marshall, TX",65631.00,899.95,72.93
32260,"Marshalltown, IA",40648.00,572.50,71.00
32270,"Marshfield-Wisconsin Rapids, WI",74749.00,793.12,94.25
32280,"Martin, TN",35021.00,580.36,60.34
32300,"Martinsville, VA",67972.00,393.29,172.83
32340,"Maryville, MO",23370.00,876.96,26.65
32380,"Mason City, IA",51749.00,968.44,53.44
32460,"Mayfield, KY",37121.00,551.74,67.28
32500,"Maysville, KY",31360.00,722.96,43.38
32540,"McAlester, OK",45837.00,1305.46,35.11
32620,"McComb, MS",53535.00,1139.11,47.00
32660,"McMinnville, TN",39839.00,432.68,92.07
32700,"McPherson, KS",29180.00,898.27,32.48
32740,"Meadville, PA",88765.00,1012.30,87.69
32860,"Menomonie, WI",43857.00,850.11,51.59
32940,"Meridian, MS",107449.00,2161.37,49.71
32980,"Merrill, WI",28743.00,878.97,32.70
33020,"Mexico, MO",25529.00,692.23,36.88
33060,"Miami, OK",31848.00,470.82,67.64
33180,"Middlesborough, KY",28691.00,359.00,79.92
33220,"Midland, MI",83629.00,516.25,161.99
33300,"Milledgeville, GA",55149.00,729.68,75.58
33380,"Minden, LA",41207.00,593.03,69.49
33420,"Mineral Wells, TX",28111.00,951.79,29.53
33500,"Minot, ND",69540.00,4764.29,14.60
33580,"Mitchell, SD",22835.00,870.07,26.25
33620,"Moberly, MO",25414.00,482.68,52.65
33820,"Monroe, WI",36842.00,583.96,63.09
33940,"Montrose, CO",41276.00,2240.70,18.42
33980,"Morehead City, NC",66469.00,506.25,131.30
34020,"Morgan City, LA",54650.00,555.38,98.40
34140,"Moscow, ID",37244.00,1076.00,34.61
34180,"Moses Lake, WA",89120.00,2679.51,33.26
34220,"Moultrie, GA",45498.00,544.15,83.61
34260,"Mountain Home, AR",41513.00,554.28,74.89
34300,"Mountain Home, ID",27038.00,3074.74,8.79
34340,"Mount Airy, NC",73673.00,532.17,138.44
34380,"Mount Pleasant, MI",70311.00,572.68,122.78
34420,"Mount Pleasant, TX",32334.00,406.05,79.63
34460,"Mount Sterling, KY",44396.00,679.74,65.31
34500,"Mount Vernon, IL",47284.00,1005.83,47.01
34540,"Mount Vernon, OH",60921.00,525.49,115.93
34660,"Murray, KY",37191.00,385.02,96.59
34700,"Muscatine, IA",54132.00,839.24,64.50
34780,"Muskogee, OK",70990.00,810.45,87.59
34860,"Nacogdoches, TX",64524.00,946.54,68.17
35020,"Natchez, MS-LA",53119.00,1159.33,45.82
35060,"Natchitoches, LA",39566.00,1252.25,31.60
35100,"New Bern, NC",126802.00,1516.20,83.63
35140,"Newberry, SC",37508.00,630.04,59.53
35220,"New Castle, IN",49462.00,391.88,126.22
35260,"New Castle, PA",91108.00,358.18,254.37
35340,"New Iberia, LA",73240.00,574.11,127.57
35420,"New Philadelphia-Dover, OH",92582.00,567.64,163.10
35460,"Newport, TN",35662.00,434.57,82.06
35500,"Newton, IA",36842.00,730.42,50.44
35580,"New Ulm, MN",25893.00,611.09,42.37
35700,"Nogales, AZ",47420.00,1236.92,38.34
35740,"Norfolk, NE",48271.00,1573.94,30.67
35820,"North Platte, NE",37590.00,3993.70,9.41
35860,"North Vernon, IN",28525.00,376.58,75.75
35900,"North Wilkesboro, NC",69340.00,754.28,91.93
35940,"Norwalk, OH",59626.00,491.49,121.32
36020,"Oak Harbor, WA",78506.00,208.45,376.62
36060,"Oak Hill, WV",46039.00,661.55,69.59
36180,"Ocean Pines, MD",51454.00,468.28,109.88
36300,"Ogdensburg-Massena, NY",111944.00,2680.38,41.76
36340,"Oil City, PA",54984.00,674.28,81.54
36380,"Okeechobee, FL",39996.00,768.91,52.02
36460,"Olean, NY",80317.00,1308.35,61.39
36580,"Oneonta, NY",62259.00,1001.70,62.15
36620,"Ontario, OR-ID",53936.00,10294.40,5.24
36660,"Opelousas-Eunice, LA",83384.00,923.88,90.25
36700,"Orangeburg, SC",92501.00,1106.10,83.63
36820,"Oskaloosa, IA",22381.00,570.86,39.21
36860,"Ottawa-Streator, IL",154908.00,2164.32,71.57
36900,"Ottumwa, IA",35625.00,431.83,82.50
36940,"Owatonna, MN",36576.00,429.65,85.13
37020,"Owosso, MI",70648.00,530.67,133.13
37060,"Oxford, MS",47351.00,631.71,74.96
37140,"Paducah, KY-IL",98762.00,1045.75,94.44
37220,"Pahrump, NV",43946.00,18181.92,2.42
37260,"Palatka, FL",74364.00,727.62,102.20
37300,"Palestine, TX",58458.00,1062.60,55.01
37420,"Pampa, TX",23464.00,1850.03,12.68
37500,"Paragould, AR",42090.00,577.70,72.86
37540,"Paris, TN",32330.00,562.10,57.52
37580,"Paris, TX",49793.00,907.19,54.89
37660,"Parsons, KS",21607.00,645.29,33.48
37740,"Payson, AZ",53597.00,4757.93,11.26
37780,"Pecos, TX",13783.00,2635.37,5.23
37800,"Pella, IA",33309.00,554.53,60.07
37820,"Pendleton-Hermiston, OR",87062.00,5247.12,16.59
37940,"Peru, IN",36903.00,373.84,98.71
38020,"Phoenix Lake-Cedar Ridge, CA",55365.00,2220.88,24.93
38100,"Picayune, MS",55834.00,810.86,68.86
38180,"Pierre, SD",19988.00,2185.99,9.14
38200,"Pierre Part, LA",23421.00,338.66,69.16
38260,"Pittsburg, KS",39134.00,589.76,66.36
38380,"Plainview, TX",36273.00,1004.68,36.10
38420,"Platteville, WI",51208.00,1146.85,44.65
38460,"Plattsburgh, NY",82128.00,1037.85,79.13
38500,"Plymouth, IN",47051.00,443.63,106.06
38580,"Point Pleasant, WV-OH",58258.00,897.28,64.93
38620,"Ponca City, OK",46562.00,919.73,50.63
38700,"Pontiac, IL",38950.00,1044.29,37.30
38740,"Poplar Bluff, MO",42794.00,694.67,61.60
38780,"Portales, NM",19846.00,2447.43,8.11
38820,"Port Angeles, WA",71404.00,1738.33,41.08
39020,"Portsmouth, OH",79499.00,610.21,130.28
39060,"Pottsville, PA",148289.00,778.63,190.45
39220,"Price, UT",21403.00,1478.49,14.48
39260,"Prineville, OR",20978.00,2979.09,7.04
39420,"Pullman, WA",44776.00,2159.09,20.74
39500,"Quincy, IL-MO",77314.00,1360.24,56.84
39700,"Raymondville, TX",22134.00,590.55,37.48
39780,"Red Bluff, CA",63463.00,2949.71,21.52
39860,"Red Wing, MN",46183.00,756.84,61.02
39940,"Rexburg, ID",50778.00,2332.73,21.77
39980,"Richmond, IN",68917.00,401.74,171.55
40080,"Richmond-Berea, KY",99972.00,753.84,132.62
40100,"Rio Grande City-Roma, TX",60968.00,1223.18,49.84
40180,"Riverton, WY",40123.00,9183.81,4.37
40260,"Roanoke Rapids, NC",76790.00,1260.67,60.91
40300,"Rochelle, IL",53497.00,758.57,70.52
40460,"Rockingham, NC",46639.00,473.82,98.43
40500,"Rockland, ME",39736.00,365.13,108.83
40540,"Rock Springs, WY",43806.00,10426.65,4.20
40620,"Rolla, MO",45156.00,671.78,67.22
40700,"Roseburg, OR",107667.00,5036.07,21.38
40740,"Roswell, NM",65645.00,6065.27,10.82
40760,"Ruidoso, NM",20497.00,4831.09,4.24
40780,"Russellville, AR",83939.00,1742.53,48.17
40820,"Ruston, LA",63009.00,1040.93,60.53
40860,"Rutland, VT",61642.00,929.82,66.29
40940,"Safford, AZ",45657.00,6465.72,7.06
41220,"St. Marys, GA",50513.00,613.03,82.40
41260,"St. Marys, PA",31946.00,827.36,38.61
41460,"Salina, KS",61697.00,1440.96,42.82
41580,"Salisbury, NC",138428.00,511.37,270.70
41820,"Sanford, NC",57866.00,254.96,226.96
42300,"Sault Ste. Marie, MI",38520.00,1558.42,24.72
42380,"Sayre, PA",62622.00,1147.40,54.58
42420,"Scottsbluff, NE",37660.00,1485.52,25.35
42460,"Scottsboro, AL",53227.00,1077.87,49.38
42500,"Scottsburg, IN",24181.00,190.40,127.00
42580,"Seaford, DE",197145.00,936.08,210.61
42620,"Searcy, AR",77076.00,1035.08,74.46
42700,"Sebring, FL",98786.00,1016.61,97.17
42740,"Sedalia, MO",42201.00,682.22,61.86
42780,"Selinsgrove, PA",39702.00,328.71,120.78
42820,"Selma, AL",43820.00,978.69,44.77
42860,"Seneca, SC",74273.00,626.33,118.58
42900,"Seneca Falls, NY",35251.00,323.71,108.90
42940,"Sevierville, TN",89889.00,592.50,151.71
42980,"Seymour, IN",42376.00,509.31,83.20
43060,"Shawnee, OK",69442.00,787.67,88.16
43140,"Shelby, NC",98078.00,464.25,211.26
43180,"Shelbyville, TN",45058.00,473.64,95.13
43220,"Shelton, WA",60699.00,959.42,63.27
43260,"Sheridan, WY",29116.00,2523.99,11.54
43320,"Show Low, AZ",107449.00,9950.42,10.80
43380,"Sidney, OH",49423.00,407.68,121.23
43420,"Sierra Vista-Douglas, AZ",131346.00,6165.69,21.30
43460,"Sikeston, MO",39191.00,419.99,93.31
43500,"Silver City, NM",29514.00,3961.63,7.45
43540,"Silverthorne, CO",27994.00,608.36,46.02
43660,"Snyder, TX",16921.00,905.44,18.69
43700,"Somerset, KY",63063.00,658.41,95.78
43740,"Somerset, PA",77742.00,1074.37,72.36
43860,"Southern Pines-Pinehurst, NC",88247.00,697.84,126.46
43940,"Spearfish, SD",24097.00,800.04,30.12
43980,"Spencer, IA",16667.00,567.24,29.38
44020,"Spirit Lake, IA",16667.00,380.61,43.79
44260,"Starkville, MS",47671.00,458.20,104.04
44340,"Statesboro, GA",70217.00,672.81,104.36
44380,"Statesville-Mooresville, NC",159437.00,573.83,277.85
44420,"Staunton-Waynesboro, VA",118502.00,1002.01,118.26
44500,"Stephenville, TX",37890.00,1083.07,34.98
44540,"Sterling, CO",22709.00,1838.55,12.35
44580,"Sterling, IL",58498.00,684.25,85.49
44620,"Stevens Point, WI",70019.00,800.68,87.45
44660,"Stillwater, OK",77350.00,684.70,112.97
44740,"Storm Lake, IA",20260.00,574.91,35.24
44780,"Sturgis, MI",61295.00,500.59,122.45
44860,"Sulphur Springs, TX",35161.00,767.17,45.83
44900,"Summerville, GA",26015.00,313.34,83.03
44980,"Sunbury, PA",94528.00,458.37,206.23
45000,"Susanville, CA",34895.00,4541.18,7.68
45020,"Sweetwater, TX",15216.00,912.00,16.68
45140,"Tahlequah, OK",46987.00,749.41,62.70
45180,"Talladega-Sylacauga, AL",82291.00,736.78,111.69
45260,"Tallulah, LA",12093.00,624.44,19.37
45340,"Taos, NM",32937.00,2203.11,14.95
45380,"Taylorville, IL",34800.00,709.38,49.06
45520,"The Dalles, OR",25213.00,2381.52,10.59
45540,"The Villages, FL",93420.00,546.93,170.81
45580,"Thomaston, GA",27153.00,323.44,83.95
45620,"Thomasville, GA",44720.00,544.60,82.12
45640,"Thomasville-Lexington, NC",162878.00,552.67,294.71
45660,"Tiffin, OH",56745.00,551.02,102.98
45700,"Tifton, GA",40118.00,258.91,154.95
45740,"Toccoa, GA",26175.00,179.13,146.12
45860,"Torrington, CT",189927.00,920.56,206.32
45900,"Traverse City, MI",143372.00,1691.07,84.78
45980,"Troy, AL",32899.00,672.09,48.95
46020,"Truckee-Grass Valley, CA",98764.00,957.77,103.12
46100,"Tullahoma, TN",100210.00,1112.72,90.06
46180,"Tupelo, MS",136268.00,1480.43,92.05
46260,"Tuskegee, AL",21452.00,608.89,35.23
46300,"Twin Falls, ID",99604.00,2518.40,39.55
46380,"Ukiah, CA",87841.00,3506.34,25.05
46420,"Union, SC",28961.00,514.17,56.33
46460,"Union City, TN-KY",38620.00,750.23,51.48
46500,"Urbana, OH",40097.00,428.67,93.54
46620,"Uvalde, TX",26405.00,1551.95,17.01
46740,"Valley, AL",34215.00,596.53,57.36
46780,"Van Wert, OH",28744.00,409.16,70.25
46820,"Vermillion, SD",13864.00,412.19,33.64
46860,"Vernal, UT",32588.00,4479.69,7.27
46900,"Vernon, TX",13535.00,970.84,13.94
46980,"Vicksburg, MS",48773.00,588.50,82.88
47080,"Vidalia, GA",36346.00,603.53,60.22
47180,"Vincennes, IN",38440.00,516.03,74.49
47340,"Wabash, IN",32888.00,412.43,79.74
47420,"Wahpeton, ND-MN",22897.00,2186.74,10.47
47460,"Walla Walla, WA",58781.00,1270.13,46.28
47500,"Walterboro, SC",38892.00,1056.49,36.81
47540,"Wapakoneta, OH",45949.00,401.39,114.48
47620,"Warren, PA",41815.00,884.13,47.29
47660,"Warrensburg, MO",52595.00,829.28,63.42
47700,"Warsaw, IN",77358.00,531.38,145.58
47780,"Washington, IN",31648.00,429.49,73.69
47820,"Washington, NC",47759.00,827.19,57.74
47920,"Washington Court House, OH",29030.00,406.36,71.44
47980,"Watertown, SD",33130.00,1195.73,27.71
48020,"Watertown-Fort Atkinson, WI",83686.00,556.47,150.39
48060,"Watertown-Fort Drum, NY",116229.00,1268.59,91.62
48100,"Wauchula, FL",27731.00,637.78,43.48
48180,"Waycross, GA",55070.00,1208.95,45.55
48220,"Weatherford, OK",27469.00,988.82,27.78
48460,"West Plains, MO",40400.00,927.25,43.57
48500,"West Point, MS",20634.00,410.08,50.32
48580,"Whitewater, WI",102228.00,555.13,184.15
48740,"Willimantic, CT",118428.00,512.91,230.89
48780,"Williston, ND",22398.00,2077.40,10.78
48820,"Willmar, MN",42239.00,796.78,53.01
48940,"Wilmington, OH",42040.00,408.68,102.87
48980,"Wilson, NC",81234.00,368.17,220.64
49060,"Winfield, KS",36311.00,1125.75,32.25
49100,"Winona, MN",51461.00,626.21,82.18
49260,"Woodward, OK",20081.00,1242.40,16.16
49300,"Wooster, OH",114520.00,554.93,206.37
49380,"Worthington, MN",21378.00,715.11,29.89
49460,"Yankton, SD",22438.00,521.16,43.05
49540,"Yazoo City, MS",28065.00,922.95,30.41
49780,"Zanesville, OH",86074.00,664.58,129.52
10380,"Aguadilla-Isabela-San Sebasti†n, PR",306292.00,358.47,854.43
21940,"Fajardo, PR",70692.00,84.71,834.51
25020,"Guayama, PR",84214.00,126.70,664.68
32420,"MayagÅez, PR",106330.00,88.99,1194.86
38660,"Ponce, PR",243147.00,210.68,1154.13
41900,"San Germ†n-Cabo Rojo, PR",137462.00,220.66,622.97
41980,"San Juan-Caguas-Guaynabo, PR",2478905.00,1589.91,1559.14
49500,"Yauco, PR",107333.00,192.13,558.65
10260,"Adjuntas, PR",19483.00,66.69,292.14
17620,"Coamo, PR",71590.00,147.38,485.76
27580,"Jayuya, PR",16642.00,44.53,373.70
42180,"Santa Isabel, PR",23274.00,34.02,684.06
46580,"Utuado, PR",33149.00,113.53,291.99